{
  "﻿超速": {},
  "超重": {},
  "超员": {},
  "酒驾": {},
  "无证驾驶": {},
  "毒驾": {},
  "保险": {},
  "行政处罚": {},
  "交通事故认定": {},
  "交通事故鉴定": {},
  "交通事故处理": {},
  "交通事故赔偿": {},
  "交通事故诉讼": {},
  "交通法": {},
  "交通肇事": {},
  "车辆年审": {},
  "车辆上牌": {},
  "驾驶证": {},
  "车辆过户": {},
  "车辆报废": {},
  "车辆脱审": {},
  "超车": {},
  "时间期限": {},
  "驾驶实习期": {},
  "异地购车": {},
  "法律法规": {
    "全是": 0.9822071194648743,
    "不懂": 0.9820541143417358,
    "就说": 0.9819339513778687,
    "没办法": 0.9816883206367493,
    "骑摩托": 0.9816685914993286,
    "不出": 0.9816617369651794,
    "又该": 0.981572687625885,
    "有驾驶证": 0.981553316116333,
    "连带责任": 0.9815409183502197,
    "不会": 0.9815304279327393,
    "都是": 0.9815178513526917,
    "逆向行驶": 0.9815176725387573,
    "处理事故": 0.9814959764480591,
    "不是": 0.9814797043800354,
    "不了": 0.9814794063568115,
    "伤残等级": 0.9814672470092773,
    "不能": 0.9814603328704834,
    "去法院": 0.9814550876617432,
    "没报警": 0.9814527630805969,
    "保险公司": 0.9814480543136597
  },
  "罪名": {},
  "费用": {},
  "闯*灯": {},
  "程序流程": {},
  "证件": {},
  "票据": {},
  "车辆违章停放": {},
  "走私": {},
  "二手车": {}
}
